C:/Users/PraveenKumar/RetinaNet/jpegImages/0.jpg,6,5,87,210,Gloves
C:/Users/PraveenKumar/RetinaNet/jpegImages/0.jpg,79,1,151,137,Gloves
C:/Users/PraveenKumar/RetinaNet/jpegImages/0.jpg,182,2,255,135,Gloves
C:/Users/PraveenKumar/RetinaNet/jpegImages/0.jpg,250,9,318,205,Gloves
C:/Users/PraveenKumar/RetinaNet/jpegImages/0.jpg,157,133,240,329,Gloves
C:/Users/PraveenKumar/RetinaNet/jpegImages/0.jpg,83,140,156,332,Gloves
C:/Users/PraveenKumar/RetinaNet/jpegImages/1.jpg,27,27,212,141,Gloves
C:/Users/PraveenKumar/RetinaNet/jpegImages/10.jpg,19,7,168,396,Gloves
C:/Users/PraveenKumar/RetinaNet/jpegImages/10.jpg,175,6,342,390,Gloves
C:/Users/PraveenKumar/RetinaNet/jpegImages/100.jpg,51,106,170,186,Mask
C:/Users/PraveenKumar/RetinaNet/jpegImages/101.jpg,392,48,713,362,noMask
C:/Users/PraveenKumar/RetinaNet/jpegImages/102.jpg,138,28,498,448,noMask
C:/Users/PraveenKumar/RetinaNet/jpegImages/103.jpg,172,13,233,85,noMask
C:/Users/PraveenKumar/RetinaNet/jpegImages/104.jpg,463,18,867,492,noMask
C:/Users/PraveenKumar/RetinaNet/jpegImages/105.jpg,54,8,158,138,noMask
C:/Users/PraveenKumar/RetinaNet/jpegImages/106.jpg,92,3,195,141,noMask
C:/Users/PraveenKumar/RetinaNet/jpegImages/107.jpg,53,13,127,80,noMask
C:/Users/PraveenKumar/RetinaNet/jpegImages/108.jpg,771,6,1717,885,noMask
C:/Users/PraveenKumar/RetinaNet/jpegImages/109.jpg,4,2,458,590,noMask
C:/Users/PraveenKumar/RetinaNet/jpegImages/11.jpg,182,167,498,829,Gloves
C:/Users/PraveenKumar/RetinaNet/jpegImages/11.jpg,486,182,798,807,Gloves
C:/Users/PraveenKumar/RetinaNet/jpegImages/110.jpg,102,1,419,365,noMask
C:/Users/PraveenKumar/RetinaNet/jpegImages/111.jpg,94,46,179,90,noMask
C:/Users/PraveenKumar/RetinaNet/jpegImages/112.jpg,1114,206,2780,1913,noMask
C:/Users/PraveenKumar/RetinaNet/jpegImages/113.jpg,480,17,588,156,noMask
C:/Users/PraveenKumar/RetinaNet/jpegImages/114.jpg,522,126,831,571,noMask
C:/Users/PraveenKumar/RetinaNet/jpegImages/114.jpg,787,74,1153,545,noMask
C:/Users/PraveenKumar/RetinaNet/jpegImages/115.jpg,222,41,569,388,noMask
C:/Users/PraveenKumar/RetinaNet/jpegImages/116.jpg,244,5,897,696,noMask
C:/Users/PraveenKumar/RetinaNet/jpegImages/117.jpg,299,116,622,432,noMask
C:/Users/PraveenKumar/RetinaNet/jpegImages/118.jpg,38,10,146,146,noMask
C:/Users/PraveenKumar/RetinaNet/jpegImages/119.jpg,826,16,1564,839,noMask
C:/Users/PraveenKumar/RetinaNet/jpegImages/12.jpg,19,21,111,157,Gloves
C:/Users/PraveenKumar/RetinaNet/jpegImages/12.jpg,119,18,208,146,Gloves
C:/Users/PraveenKumar/RetinaNet/jpegImages/120.jpg,695,202,2628,2602,noMask
C:/Users/PraveenKumar/RetinaNet/jpegImages/121.jpg,46,4,123,92,noMask
C:/Users/PraveenKumar/RetinaNet/jpegImages/122.jpg,168,193,233,244,Mask
C:/Users/PraveenKumar/RetinaNet/jpegImages/123.jpg,62,2,196,152,noMask
C:/Users/PraveenKumar/RetinaNet/jpegImages/124.jpg,420,39,850,505,noMask
C:/Users/PraveenKumar/RetinaNet/jpegImages/125.jpg,284,2,436,155,noMask
C:/Users/PraveenKumar/RetinaNet/jpegImages/125.jpg,1060,4,1253,150,noMask
C:/Users/PraveenKumar/RetinaNet/jpegImages/125.jpg,1076,443,1232,621,noMask
C:/Users/PraveenKumar/RetinaNet/jpegImages/125.jpg,333,458,484,635,noMask
C:/Users/PraveenKumar/RetinaNet/jpegImages/126.jpg,121,41,155,84,noMask
C:/Users/PraveenKumar/RetinaNet/jpegImages/127.jpg,58,2,96,34,noMask
C:/Users/PraveenKumar/RetinaNet/jpegImages/127.jpg,217,1,249,29,noMask
C:/Users/PraveenKumar/RetinaNet/jpegImages/127.jpg,219,88,253,124,noMask
C:/Users/PraveenKumar/RetinaNet/jpegImages/127.jpg,64,92,100,126,noMask
C:/Users/PraveenKumar/RetinaNet/jpegImages/128.jpg,28,1,667,450,noMask
C:/Users/PraveenKumar/RetinaNet/jpegImages/129.jpg,52,12,146,118,noMask
C:/Users/PraveenKumar/RetinaNet/jpegImages/13.jpg,6,113,255,425,Gloves
C:/Users/PraveenKumar/RetinaNet/jpegImages/13.jpg,267,100,512,424,Gloves
C:/Users/PraveenKumar/RetinaNet/jpegImages/130.jpg,92,6,225,153,noMask
C:/Users/PraveenKumar/RetinaNet/jpegImages/131.jpg,98,2,186,103,noMask
C:/Users/PraveenKumar/RetinaNet/jpegImages/132.jpg,127,15,196,90,noMask
C:/Users/PraveenKumar/RetinaNet/jpegImages/133.jpg,501,495,1059,904,Mask
C:/Users/PraveenKumar/RetinaNet/jpegImages/134.jpg,96,14,184,110,noMask
C:/Users/PraveenKumar/RetinaNet/jpegImages/135.jpg,33,11,155,170,noMask
C:/Users/PraveenKumar/RetinaNet/jpegImages/136.jpg,276,38,502,312,noMask
C:/Users/PraveenKumar/RetinaNet/jpegImages/137.jpg,103,8,200,122,noMask
C:/Users/PraveenKumar/RetinaNet/jpegImages/138.jpg,105,2,388,313,noMask
C:/Users/PraveenKumar/RetinaNet/jpegImages/138.jpg,409,16,685,369,noMask
C:/Users/PraveenKumar/RetinaNet/jpegImages/138.jpg,858,4,1093,283,noMask
C:/Users/PraveenKumar/RetinaNet/jpegImages/139.jpg,6,19,338,430,noMask
C:/Users/PraveenKumar/RetinaNet/jpegImages/139.jpg,404,7,756,409,noMask
C:/Users/PraveenKumar/RetinaNet/jpegImages/14.jpg,116,229,465,773,Gloves
C:/Users/PraveenKumar/RetinaNet/jpegImages/14.jpg,480,215,950,757,Gloves
C:/Users/PraveenKumar/RetinaNet/jpegImages/140.jpg,124,23,223,134,noMask
C:/Users/PraveenKumar/RetinaNet/jpegImages/141.jpg,660,47,912,329,noMask
C:/Users/PraveenKumar/RetinaNet/jpegImages/142.jpg,78,2,150,96,noMask
C:/Users/PraveenKumar/RetinaNet/jpegImages/143.jpg,79,5,192,157,noMask
C:/Users/PraveenKumar/RetinaNet/jpegImages/144.jpg,331,334,662,536,Mask
C:/Users/PraveenKumar/RetinaNet/jpegImages/145.jpg,27,1,111,83,noMask
C:/Users/PraveenKumar/RetinaNet/jpegImages/145.jpg,116,10,183,100,noMask
C:/Users/PraveenKumar/RetinaNet/jpegImages/145.jpg,234,1,290,76,noMask
C:/Users/PraveenKumar/RetinaNet/jpegImages/146.jpg,347,33,563,322,noMask
C:/Users/PraveenKumar/RetinaNet/jpegImages/147.jpg,277,2,1017,692,noMask
C:/Users/PraveenKumar/RetinaNet/jpegImages/148.jpg,37,7,152,126,noMask
C:/Users/PraveenKumar/RetinaNet/jpegImages/149.jpg,342,11,737,519,noMask
C:/Users/PraveenKumar/RetinaNet/jpegImages/15.jpg,28,32,114,208,Gloves
C:/Users/PraveenKumar/RetinaNet/jpegImages/15.jpg,119,33,208,208,Gloves
C:/Users/PraveenKumar/RetinaNet/jpegImages/150.jpg,194,20,621,485,noMask
C:/Users/PraveenKumar/RetinaNet/jpegImages/151.jpg,115,4,227,129,noMask
C:/Users/PraveenKumar/RetinaNet/jpegImages/152.jpg,525,158,751,447,noMask
C:/Users/PraveenKumar/RetinaNet/jpegImages/153.jpg,81,8,183,122,noMask
C:/Users/PraveenKumar/RetinaNet/jpegImages/154.jpg,118,56,901,955,noMask
C:/Users/PraveenKumar/RetinaNet/jpegImages/155.jpg,320,582,674,828,Mask
C:/Users/PraveenKumar/RetinaNet/jpegImages/156.jpg,86,5,202,139,noMask
C:/Users/PraveenKumar/RetinaNet/jpegImages/157.jpg,39,28,568,738,noMask
C:/Users/PraveenKumar/RetinaNet/jpegImages/158.jpg,23,3,329,358,noMask
C:/Users/PraveenKumar/RetinaNet/jpegImages/158.jpg,428,16,694,367,noMask
C:/Users/PraveenKumar/RetinaNet/jpegImages/159.jpg,173,41,433,358,noMask
C:/Users/PraveenKumar/RetinaNet/jpegImages/16.jpg,25,52,107,178,Gloves
C:/Users/PraveenKumar/RetinaNet/jpegImages/16.jpg,100,47,211,172,Gloves
C:/Users/PraveenKumar/RetinaNet/jpegImages/160.jpg,75,32,158,114,noMask
C:/Users/PraveenKumar/RetinaNet/jpegImages/161.jpg,38,28,158,176,noMask
C:/Users/PraveenKumar/RetinaNet/jpegImages/162.jpg,332,1,493,170,noMask
C:/Users/PraveenKumar/RetinaNet/jpegImages/163.jpg,20,6,190,222,noMask
C:/Users/PraveenKumar/RetinaNet/jpegImages/164.jpg,162,1,225,73,noMask
C:/Users/PraveenKumar/RetinaNet/jpegImages/165.jpg,20,8,191,236,noMask
C:/Users/PraveenKumar/RetinaNet/jpegImages/166.jpg,130,413,575,763,Mask
C:/Users/PraveenKumar/RetinaNet/jpegImages/167.jpg,114,55,161,88,Mask
C:/Users/PraveenKumar/RetinaNet/jpegImages/168.jpg,90,47,308,287,noMask
C:/Users/PraveenKumar/RetinaNet/jpegImages/169.jpg,209,9,595,470,noMask
C:/Users/PraveenKumar/RetinaNet/jpegImages/17.jpg,62,10,256,490,Gloves
C:/Users/PraveenKumar/RetinaNet/jpegImages/17.jpg,268,17,476,478,Gloves
C:/Users/PraveenKumar/RetinaNet/jpegImages/170.jpg,188,8,256,81,noMask
C:/Users/PraveenKumar/RetinaNet/jpegImages/171.jpg,347,27,767,540,noMask
C:/Users/PraveenKumar/RetinaNet/jpegImages/172.jpg,75,24,413,394,noMask
C:/Users/PraveenKumar/RetinaNet/jpegImages/172.jpg,803,188,948,322,noMask
C:/Users/PraveenKumar/RetinaNet/jpegImages/172.jpg,1269,18,1735,505,noMask
C:/Users/PraveenKumar/RetinaNet/jpegImages/172.jpg,1903,9,2307,431,noMask
C:/Users/PraveenKumar/RetinaNet/jpegImages/172.jpg,67,633,505,1054,noMask
C:/Users/PraveenKumar/RetinaNet/jpegImages/172.jpg,656,624,1079,1116,noMask
C:/Users/PraveenKumar/RetinaNet/jpegImages/172.jpg,1296,616,1705,1077,noMask
C:/Users/PraveenKumar/RetinaNet/jpegImages/172.jpg,1864,637,2292,1103,noMask
C:/Users/PraveenKumar/RetinaNet/jpegImages/173.jpg,73,8,176,136,noMask
C:/Users/PraveenKumar/RetinaNet/jpegImages/174.jpg,122,38,186,96,noMask
C:/Users/PraveenKumar/RetinaNet/jpegImages/175.jpg,91,3,203,123,noMask
C:/Users/PraveenKumar/RetinaNet/jpegImages/176.jpg,4,25,119,158,noMask
C:/Users/PraveenKumar/RetinaNet/jpegImages/177.jpg,67,17,203,168,noMask
C:/Users/PraveenKumar/RetinaNet/jpegImages/178.jpg,39,64,179,174,Mask
C:/Users/PraveenKumar/RetinaNet/jpegImages/179.jpg,362,8,681,339,noMask
C:/Users/PraveenKumar/RetinaNet/jpegImages/18.jpg,10,103,165,271,Gloves
C:/Users/PraveenKumar/RetinaNet/jpegImages/18.jpg,119,179,312,363,Gloves
C:/Users/PraveenKumar/RetinaNet/jpegImages/180.jpg,246,52,448,263,noMask
C:/Users/PraveenKumar/RetinaNet/jpegImages/181.jpg,250,279,1879,2421,noMask
C:/Users/PraveenKumar/RetinaNet/jpegImages/182.jpg,101,11,178,114,noMask
C:/Users/PraveenKumar/RetinaNet/jpegImages/183.jpg,256,2,433,147,noMask
C:/Users/PraveenKumar/RetinaNet/jpegImages/184.jpg,29,8,154,166,noMask
C:/Users/PraveenKumar/RetinaNet/jpegImages/185.jpg,85,5,215,147,noMask
C:/Users/PraveenKumar/RetinaNet/jpegImages/185.jpg,392,13,580,199,noMask
C:/Users/PraveenKumar/RetinaNet/jpegImages/186.jpg,94,4,157,72,noMask
C:/Users/PraveenKumar/RetinaNet/jpegImages/187.jpg,397,8,529,162,noMask
C:/Users/PraveenKumar/RetinaNet/jpegImages/188.jpg,293,31,558,268,noMask
C:/Users/PraveenKumar/RetinaNet/jpegImages/189.jpg,32,141,131,236,Mask
C:/Users/PraveenKumar/RetinaNet/jpegImages/19.jpg,23,3,112,207,Gloves
C:/Users/PraveenKumar/RetinaNet/jpegImages/19.jpg,122,7,200,210,Gloves
C:/Users/PraveenKumar/RetinaNet/jpegImages/190.jpg,107,4,189,113,noMask
C:/Users/PraveenKumar/RetinaNet/jpegImages/191.jpg,110,5,247,131,noMask
C:/Users/PraveenKumar/RetinaNet/jpegImages/192.jpg,210,209,1810,2049,noMask
C:/Users/PraveenKumar/RetinaNet/jpegImages/193.jpg,625,119,1429,925,noMask
C:/Users/PraveenKumar/RetinaNet/jpegImages/194.jpg,55,1,216,178,noMask
C:/Users/PraveenKumar/RetinaNet/jpegImages/195.jpg,72,22,187,130,noMask
C:/Users/PraveenKumar/RetinaNet/jpegImages/196.jpg,79,13,141,87,noMask
C:/Users/PraveenKumar/RetinaNet/jpegImages/196.jpg,231,5,275,85,noMask
C:/Users/PraveenKumar/RetinaNet/jpegImages/197.jpg,109,234,541,849,noMask
C:/Users/PraveenKumar/RetinaNet/jpegImages/198.jpg,59,30,162,139,noMask
C:/Users/PraveenKumar/RetinaNet/jpegImages/199.jpg,69,12,154,117,noMask
C:/Users/PraveenKumar/RetinaNet/jpegImages/2.jpg,12,8,109,211,Gloves
C:/Users/PraveenKumar/RetinaNet/jpegImages/2.jpg,114,7,217,211,Gloves
C:/Users/PraveenKumar/RetinaNet/jpegImages/20.jpg,1,7,173,232,Gloves
C:/Users/PraveenKumar/RetinaNet/jpegImages/20.jpg,166,3,343,235,Gloves
C:/Users/PraveenKumar/RetinaNet/jpegImages/200.jpg,144,287,411,455,Mask
C:/Users/PraveenKumar/RetinaNet/jpegImages/201.jpg,793,527,953,791,Mask
C:/Users/PraveenKumar/RetinaNet/jpegImages/202.jpg,74,320,154,377,Mask
C:/Users/PraveenKumar/RetinaNet/jpegImages/203.jpg,555,249,814,438,Mask
C:/Users/PraveenKumar/RetinaNet/jpegImages/204.jpg,232,348,733,646,Mask
C:/Users/PraveenKumar/RetinaNet/jpegImages/205.jpg,704,397,937,612,Mask
C:/Users/PraveenKumar/RetinaNet/jpegImages/206.jpg,775,230,830,282,Mask
C:/Users/PraveenKumar/RetinaNet/jpegImages/206.jpg,875,281,932,321,Mask
C:/Users/PraveenKumar/RetinaNet/jpegImages/207.jpg,58,112,165,187,Mask
C:/Users/PraveenKumar/RetinaNet/jpegImages/208.jpg,165,73,216,113,Mask
C:/Users/PraveenKumar/RetinaNet/jpegImages/209.jpg,491,298,683,434,Mask
C:/Users/PraveenKumar/RetinaNet/jpegImages/21.jpg,12,21,128,182,Gloves
C:/Users/PraveenKumar/RetinaNet/jpegImages/21.jpg,120,13,239,174,Gloves
C:/Users/PraveenKumar/RetinaNet/jpegImages/210.jpg,124,173,298,320,Mask
C:/Users/PraveenKumar/RetinaNet/jpegImages/211.jpg,321,220,532,405,Mask
C:/Users/PraveenKumar/RetinaNet/jpegImages/212.jpg,112,57,161,87,Mask
C:/Users/PraveenKumar/RetinaNet/jpegImages/213.jpg,634,181,731,254,Mask
C:/Users/PraveenKumar/RetinaNet/jpegImages/214.jpg,281,217,427,376,Mask
C:/Users/PraveenKumar/RetinaNet/jpegImages/215.jpg,515,546,1530,1253,Mask
C:/Users/PraveenKumar/RetinaNet/jpegImages/216.jpg,397,1027,1318,1653,Mask
C:/Users/PraveenKumar/RetinaNet/jpegImages/217.jpg,430,72,573,188,Mask
C:/Users/PraveenKumar/RetinaNet/jpegImages/218.jpg,237,123,354,212,Mask
C:/Users/PraveenKumar/RetinaNet/jpegImages/219.jpg,124,129,201,182,Mask
C:/Users/PraveenKumar/RetinaNet/jpegImages/22.jpg,5,9,80,205,Gloves
C:/Users/PraveenKumar/RetinaNet/jpegImages/22.jpg,71,3,163,220,Gloves
C:/Users/PraveenKumar/RetinaNet/jpegImages/22.jpg,173,5,254,219,Gloves
C:/Users/PraveenKumar/RetinaNet/jpegImages/22.jpg,246,3,320,208,Gloves
C:/Users/PraveenKumar/RetinaNet/jpegImages/220.jpg,286,110,339,147,Mask
C:/Users/PraveenKumar/RetinaNet/jpegImages/220.jpg,485,80,537,120,Mask
C:/Users/PraveenKumar/RetinaNet/jpegImages/220.jpg,690,176,732,214,Mask
C:/Users/PraveenKumar/RetinaNet/jpegImages/221.jpg,335,128,486,221,Mask
C:/Users/PraveenKumar/RetinaNet/jpegImages/222.jpg,124,37,148,63,Mask
C:/Users/PraveenKumar/RetinaNet/jpegImages/223.jpg,477,266,618,385,Mask
C:/Users/PraveenKumar/RetinaNet/jpegImages/224.jpg,597,425,772,541,Mask
C:/Users/PraveenKumar/RetinaNet/jpegImages/225.jpg,357,108,427,168,Mask
C:/Users/PraveenKumar/RetinaNet/jpegImages/226.jpg,186,60,256,107,Mask
C:/Users/PraveenKumar/RetinaNet/jpegImages/227.jpg,508,255,677,448,Mask
C:/Users/PraveenKumar/RetinaNet/jpegImages/228.jpg,364,140,493,234,Mask
C:/Users/PraveenKumar/RetinaNet/jpegImages/229.jpg,275,124,355,181,Mask
C:/Users/PraveenKumar/RetinaNet/jpegImages/23.jpg,8,1,52,140,Gloves
C:/Users/PraveenKumar/RetinaNet/jpegImages/23.jpg,59,2,110,90,Gloves
C:/Users/PraveenKumar/RetinaNet/jpegImages/23.jpg,116,2,165,89,Gloves
C:/Users/PraveenKumar/RetinaNet/jpegImages/23.jpg,170,2,220,116,Gloves
C:/Users/PraveenKumar/RetinaNet/jpegImages/23.jpg,64,86,109,214,Gloves
C:/Users/PraveenKumar/RetinaNet/jpegImages/23.jpg,113,85,172,214,Gloves
C:/Users/PraveenKumar/RetinaNet/jpegImages/230.jpg,204,93,257,127,Mask
C:/Users/PraveenKumar/RetinaNet/jpegImages/231.jpg,271,114,384,214,Mask
C:/Users/PraveenKumar/RetinaNet/jpegImages/232.jpg,221,114,315,168,Mask
C:/Users/PraveenKumar/RetinaNet/jpegImages/233.jpg,94,86,169,150,Mask
C:/Users/PraveenKumar/RetinaNet/jpegImages/234.jpg,597,210,744,345,Mask
C:/Users/PraveenKumar/RetinaNet/jpegImages/235.jpg,309,96,415,179,Mask
C:/Users/PraveenKumar/RetinaNet/jpegImages/236.jpg,188,98,267,151,Mask
C:/Users/PraveenKumar/RetinaNet/jpegImages/236.jpg,519,144,578,179,Mask
C:/Users/PraveenKumar/RetinaNet/jpegImages/237.jpg,161,59,207,90,Mask
C:/Users/PraveenKumar/RetinaNet/jpegImages/238.jpg,69,31,234,160,Mask
C:/Users/PraveenKumar/RetinaNet/jpegImages/239.jpg,69,85,140,128,Mask
C:/Users/PraveenKumar/RetinaNet/jpegImages/24.jpg,9,23,110,194,Gloves
C:/Users/PraveenKumar/RetinaNet/jpegImages/24.jpg,102,29,219,196,Gloves
C:/Users/PraveenKumar/RetinaNet/jpegImages/240.jpg,119,68,197,122,Mask
C:/Users/PraveenKumar/RetinaNet/jpegImages/241.jpg,934,306,1101,467,Mask
C:/Users/PraveenKumar/RetinaNet/jpegImages/242.jpg,113,93,184,147,Mask
C:/Users/PraveenKumar/RetinaNet/jpegImages/242.jpg,303,89,388,152,Mask
C:/Users/PraveenKumar/RetinaNet/jpegImages/242.jpg,669,119,781,192,Mask
C:/Users/PraveenKumar/RetinaNet/jpegImages/243.jpg,442,263,731,488,Mask
C:/Users/PraveenKumar/RetinaNet/jpegImages/244.jpg,74,80,151,137,Mask
C:/Users/PraveenKumar/RetinaNet/jpegImages/245.jpg,335,233,558,469,Mask
C:/Users/PraveenKumar/RetinaNet/jpegImages/246.jpg,725,348,969,527,Mask
C:/Users/PraveenKumar/RetinaNet/jpegImages/247.jpg,855,301,993,393,Mask
C:/Users/PraveenKumar/RetinaNet/jpegImages/248.jpg,182,61,254,124,Mask
C:/Users/PraveenKumar/RetinaNet/jpegImages/249.jpg,106,134,213,200,Mask
C:/Users/PraveenKumar/RetinaNet/jpegImages/25.jpg,98,48,243,414,Gloves
C:/Users/PraveenKumar/RetinaNet/jpegImages/25.jpg,256,59,414,409,Gloves
C:/Users/PraveenKumar/RetinaNet/jpegImages/250.jpg,79,89,129,130,Mask
C:/Users/PraveenKumar/RetinaNet/jpegImages/251.jpg,403,421,726,717,Mask
C:/Users/PraveenKumar/RetinaNet/jpegImages/252.jpg,420,470,689,706,Mask
C:/Users/PraveenKumar/RetinaNet/jpegImages/253.jpg,769,639,1379,1202,Mask
C:/Users/PraveenKumar/RetinaNet/jpegImages/254.jpg,279,119,858,566,Mask
C:/Users/PraveenKumar/RetinaNet/jpegImages/255.jpg,97,74,193,156,Mask
C:/Users/PraveenKumar/RetinaNet/jpegImages/256.jpg,396,206,471,295,Mask
C:/Users/PraveenKumar/RetinaNet/jpegImages/256.jpg,478,299,553,380,Mask
C:/Users/PraveenKumar/RetinaNet/jpegImages/257.jpg,259,186,392,267,Mask
C:/Users/PraveenKumar/RetinaNet/jpegImages/258.jpg,448,342,641,486,Mask
C:/Users/PraveenKumar/RetinaNet/jpegImages/258.jpg,612,166,771,323,Mask
C:/Users/PraveenKumar/RetinaNet/jpegImages/258.jpg,1379,373,1502,462,Mask
C:/Users/PraveenKumar/RetinaNet/jpegImages/259.jpg,114,74,166,110,Mask
C:/Users/PraveenKumar/RetinaNet/jpegImages/26.jpg,5,24,113,207,Gloves
C:/Users/PraveenKumar/RetinaNet/jpegImages/26.jpg,107,30,226,208,Gloves
C:/Users/PraveenKumar/RetinaNet/jpegImages/260.jpg,242,298,1012,870,Mask
C:/Users/PraveenKumar/RetinaNet/jpegImages/261.jpg,3,20,47,69,Mask
C:/Users/PraveenKumar/RetinaNet/jpegImages/261.jpg,105,69,165,106,Mask
C:/Users/PraveenKumar/RetinaNet/jpegImages/261.jpg,232,45,283,85,Mask
C:/Users/PraveenKumar/RetinaNet/jpegImages/262.jpg,513,292,652,481,Mask
C:/Users/PraveenKumar/RetinaNet/jpegImages/263.jpg,427,85,489,124,Mask
C:/Users/PraveenKumar/RetinaNet/jpegImages/264.jpg,96,116,136,146,Mask
C:/Users/PraveenKumar/RetinaNet/jpegImages/265.jpg,44,113,95,151,Mask
C:/Users/PraveenKumar/RetinaNet/jpegImages/266.jpg,351,182,503,316,Mask
C:/Users/PraveenKumar/RetinaNet/jpegImages/267.jpg,362,141,541,282,Mask
C:/Users/PraveenKumar/RetinaNet/jpegImages/268.jpg,110,65,174,108,Mask
C:/Users/PraveenKumar/RetinaNet/jpegImages/269.jpg,678,323,787,420,Mask
C:/Users/PraveenKumar/RetinaNet/jpegImages/27.jpg,45,21,109,193,Gloves
C:/Users/PraveenKumar/RetinaNet/jpegImages/27.jpg,117,28,183,183,Gloves
C:/Users/PraveenKumar/RetinaNet/jpegImages/270.jpg,305,200,376,302,Mask
C:/Users/PraveenKumar/RetinaNet/jpegImages/271.jpg,248,141,340,209,Mask
C:/Users/PraveenKumar/RetinaNet/jpegImages/271.jpg,278,340,366,419,Mask
C:/Users/PraveenKumar/RetinaNet/jpegImages/271.jpg,474,161,587,248,Mask
C:/Users/PraveenKumar/RetinaNet/jpegImages/272.jpg,588,370,943,668,Mask
C:/Users/PraveenKumar/RetinaNet/jpegImages/273.jpg,165,159,256,230,Mask
C:/Users/PraveenKumar/RetinaNet/jpegImages/274.jpg,95,65,125,97,Mask
C:/Users/PraveenKumar/RetinaNet/jpegImages/275.jpg,653,364,1093,672,Mask
C:/Users/PraveenKumar/RetinaNet/jpegImages/276.jpg,104,100,167,145,Mask
C:/Users/PraveenKumar/RetinaNet/jpegImages/277.jpg,148,95,232,167,Mask
C:/Users/PraveenKumar/RetinaNet/jpegImages/278.jpg,471,295,952,782,Mask
C:/Users/PraveenKumar/RetinaNet/jpegImages/279.jpg,535,318,713,448,Mask
C:/Users/PraveenKumar/RetinaNet/jpegImages/279.jpg,161,216,347,381,Mask
C:/Users/PraveenKumar/RetinaNet/jpegImages/28.jpg,35,37,116,151,Gloves
C:/Users/PraveenKumar/RetinaNet/jpegImages/28.jpg,111,45,182,192,Gloves
C:/Users/PraveenKumar/RetinaNet/jpegImages/280.jpg,108,49,153,78,Mask
C:/Users/PraveenKumar/RetinaNet/jpegImages/281.jpg,125,59,171,109,Mask
C:/Users/PraveenKumar/RetinaNet/jpegImages/282.jpg,105,76,159,112,Mask
C:/Users/PraveenKumar/RetinaNet/jpegImages/283.jpg,267,401,740,733,Mask
C:/Users/PraveenKumar/RetinaNet/jpegImages/284.jpg,225,103,282,143,Mask
C:/Users/PraveenKumar/RetinaNet/jpegImages/284.jpg,454,64,520,112,Mask
C:/Users/PraveenKumar/RetinaNet/jpegImages/285.jpg,72,72,136,111,Mask
C:/Users/PraveenKumar/RetinaNet/jpegImages/286.jpg,258,74,315,125,Mask
C:/Users/PraveenKumar/RetinaNet/jpegImages/287.jpg,391,451,574,599,Mask
C:/Users/PraveenKumar/RetinaNet/jpegImages/288.jpg,133,104,217,175,Mask
C:/Users/PraveenKumar/RetinaNet/jpegImages/289.jpg,32,105,149,200,Mask
C:/Users/PraveenKumar/RetinaNet/jpegImages/29.jpg,50,5,232,411,Gloves
C:/Users/PraveenKumar/RetinaNet/jpegImages/29.jpg,241,15,382,417,Gloves
C:/Users/PraveenKumar/RetinaNet/jpegImages/290.jpg,82,62,146,105,Mask
C:/Users/PraveenKumar/RetinaNet/jpegImages/291.jpg,176,59,249,108,Mask
C:/Users/PraveenKumar/RetinaNet/jpegImages/292.jpg,165,96,220,137,Mask
C:/Users/PraveenKumar/RetinaNet/jpegImages/292.jpg,47,62,109,113,Mask
C:/Users/PraveenKumar/RetinaNet/jpegImages/293.jpg,562,344,875,580,Mask
C:/Users/PraveenKumar/RetinaNet/jpegImages/294.jpg,11,33,104,125,Mask
C:/Users/PraveenKumar/RetinaNet/jpegImages/295.jpg,76,52,125,93,Mask
C:/Users/PraveenKumar/RetinaNet/jpegImages/296.jpg,166,51,215,84,Mask
C:/Users/PraveenKumar/RetinaNet/jpegImages/297.jpg,650,203,817,335,Mask
C:/Users/PraveenKumar/RetinaNet/jpegImages/297.jpg,509,346,632,441,Mask
C:/Users/PraveenKumar/RetinaNet/jpegImages/297.jpg,349,206,475,310,Mask
C:/Users/PraveenKumar/RetinaNet/jpegImages/298.jpg,434,405,737,618,Mask
C:/Users/PraveenKumar/RetinaNet/jpegImages/299.jpg,178,93,264,159,Mask
C:/Users/PraveenKumar/RetinaNet/jpegImages/3.jpg,35,70,236,438,Gloves
C:/Users/PraveenKumar/RetinaNet/jpegImages/3.jpg,246,89,461,423,Gloves
C:/Users/PraveenKumar/RetinaNet/jpegImages/30.jpg,63,72,241,435,Gloves
C:/Users/PraveenKumar/RetinaNet/jpegImages/30.jpg,258,73,439,409,Gloves
C:/Users/PraveenKumar/RetinaNet/jpegImages/300.jpg,403,165,515,264,Mask
C:/Users/PraveenKumar/RetinaNet/jpegImages/301.jpg,323,153,455,272,Mask
C:/Users/PraveenKumar/RetinaNet/jpegImages/302.jpg,273,226,457,384,Mask
C:/Users/PraveenKumar/RetinaNet/jpegImages/303.jpg,32,109,298,308,Mask
C:/Users/PraveenKumar/RetinaNet/jpegImages/304.jpg,121,69,169,111,Mask
C:/Users/PraveenKumar/RetinaNet/jpegImages/305.jpg,92,119,168,180,Mask
C:/Users/PraveenKumar/RetinaNet/jpegImages/305.jpg,34,112,92,179,Mask
C:/Users/PraveenKumar/RetinaNet/jpegImages/306.jpg,634,187,759,318,Mask
C:/Users/PraveenKumar/RetinaNet/jpegImages/307.jpg,85,61,119,92,Mask
C:/Users/PraveenKumar/RetinaNet/jpegImages/307.jpg,112,32,145,64,Mask
C:/Users/PraveenKumar/RetinaNet/jpegImages/308.jpg,664,310,912,475,Mask
C:/Users/PraveenKumar/RetinaNet/jpegImages/309.jpg,189,119,290,212,Mask
C:/Users/PraveenKumar/RetinaNet/jpegImages/31.jpg,12,2,102,204,Gloves
C:/Users/PraveenKumar/RetinaNet/jpegImages/31.jpg,111,1,204,212,Gloves
C:/Users/PraveenKumar/RetinaNet/jpegImages/310.jpg,119,185,488,394,Mask
C:/Users/PraveenKumar/RetinaNet/jpegImages/311.jpg,279,214,447,348,Mask
C:/Users/PraveenKumar/RetinaNet/jpegImages/312.jpg,143,188,190,222,Mask
C:/Users/PraveenKumar/RetinaNet/jpegImages/312.jpg,243,192,287,220,Mask
C:/Users/PraveenKumar/RetinaNet/jpegImages/312.jpg,355,185,392,213,Mask
C:/Users/PraveenKumar/RetinaNet/jpegImages/312.jpg,507,194,542,213,Mask
C:/Users/PraveenKumar/RetinaNet/jpegImages/312.jpg,640,191,673,213,Mask
C:/Users/PraveenKumar/RetinaNet/jpegImages/312.jpg,738,202,770,219,Mask
C:/Users/PraveenKumar/RetinaNet/jpegImages/312.jpg,834,206,872,226,Mask
C:/Users/PraveenKumar/RetinaNet/jpegImages/312.jpg,978,206,1023,231,Mask
C:/Users/PraveenKumar/RetinaNet/jpegImages/312.jpg,998,97,1040,122,Mask
C:/Users/PraveenKumar/RetinaNet/jpegImages/313.jpg,201,253,334,375,Mask
C:/Users/PraveenKumar/RetinaNet/jpegImages/313.jpg,80,244,195,374,Mask
C:/Users/PraveenKumar/RetinaNet/jpegImages/314.jpg,156,62,231,113,Mask
C:/Users/PraveenKumar/RetinaNet/jpegImages/315.jpg,517,630,718,773,Mask
C:/Users/PraveenKumar/RetinaNet/jpegImages/316.jpg,428,164,537,260,Mask
C:/Users/PraveenKumar/RetinaNet/jpegImages/317.jpg,386,263,689,482,Mask
C:/Users/PraveenKumar/RetinaNet/jpegImages/318.jpg,62,84,208,179,Mask
C:/Users/PraveenKumar/RetinaNet/jpegImages/319.jpg,1442,836,2078,1752,Mask
C:/Users/PraveenKumar/RetinaNet/jpegImages/32.jpg,66,143,739,897,Gloves
C:/Users/PraveenKumar/RetinaNet/jpegImages/32.jpg,679,103,1532,1086,Gloves
C:/Users/PraveenKumar/RetinaNet/jpegImages/320.jpg,154,53,213,100,Mask
C:/Users/PraveenKumar/RetinaNet/jpegImages/321.jpg,306,143,400,194,Mask
C:/Users/PraveenKumar/RetinaNet/jpegImages/322.jpg,195,121,272,180,Mask
C:/Users/PraveenKumar/RetinaNet/jpegImages/323.jpg,200,79,288,140,Mask
C:/Users/PraveenKumar/RetinaNet/jpegImages/324.jpg,515,181,691,298,Mask
C:/Users/PraveenKumar/RetinaNet/jpegImages/325.jpg,473,324,612,480,Mask
C:/Users/PraveenKumar/RetinaNet/jpegImages/326.jpg,175,264,265,382,Mask
C:/Users/PraveenKumar/RetinaNet/jpegImages/327.jpg,158,211,276,331,Mask
C:/Users/PraveenKumar/RetinaNet/jpegImages/327.jpg,786,258,896,350,Mask
C:/Users/PraveenKumar/RetinaNet/jpegImages/327.jpg,1018,456,1143,532,Mask
C:/Users/PraveenKumar/RetinaNet/jpegImages/328.jpg,31,74,227,247,Mask
C:/Users/PraveenKumar/RetinaNet/jpegImages/329.jpg,68,100,183,175,Mask
C:/Users/PraveenKumar/RetinaNet/jpegImages/33.jpg,5,7,73,170,Gloves
C:/Users/PraveenKumar/RetinaNet/jpegImages/33.jpg,68,3,129,180,Gloves
C:/Users/PraveenKumar/RetinaNet/jpegImages/33.jpg,145,3,213,173,Gloves
C:/Users/PraveenKumar/RetinaNet/jpegImages/33.jpg,209,6,267,158,Gloves
C:/Users/PraveenKumar/RetinaNet/jpegImages/330.jpg,215,68,287,133,Mask
C:/Users/PraveenKumar/RetinaNet/jpegImages/330.jpg,385,128,452,181,Mask
C:/Users/PraveenKumar/RetinaNet/jpegImages/331.jpg,109,82,193,143,Mask
C:/Users/PraveenKumar/RetinaNet/jpegImages/332.jpg,908,281,1098,413,Mask
C:/Users/PraveenKumar/RetinaNet/jpegImages/333.jpg,235,261,482,449,Mask
C:/Users/PraveenKumar/RetinaNet/jpegImages/334.jpg,392,355,636,511,Mask
C:/Users/PraveenKumar/RetinaNet/jpegImages/335.jpg,182,60,246,121,Mask
C:/Users/PraveenKumar/RetinaNet/jpegImages/336.jpg,281,697,561,928,Mask
C:/Users/PraveenKumar/RetinaNet/jpegImages/337.jpg,240,160,360,270,Mask
C:/Users/PraveenKumar/RetinaNet/jpegImages/338.jpg,483,548,893,840,Mask
C:/Users/PraveenKumar/RetinaNet/jpegImages/339.jpg,353,105,443,174,Mask
C:/Users/PraveenKumar/RetinaNet/jpegImages/34.jpg,5,69,93,142,Gloves
C:/Users/PraveenKumar/RetinaNet/jpegImages/34.jpg,56,105,168,193,Gloves
C:/Users/PraveenKumar/RetinaNet/jpegImages/340.jpg,120,159,212,248,Mask
C:/Users/PraveenKumar/RetinaNet/jpegImages/340.jpg,360,228,470,306,Mask
C:/Users/PraveenKumar/RetinaNet/jpegImages/340.jpg,540,207,637,273,Mask
C:/Users/PraveenKumar/RetinaNet/jpegImages/341.jpg,80,69,137,108,Mask
C:/Users/PraveenKumar/RetinaNet/jpegImages/342.jpg,188,111,248,160,Mask
C:/Users/PraveenKumar/RetinaNet/jpegImages/343.jpg,565,352,790,543,Mask
C:/Users/PraveenKumar/RetinaNet/jpegImages/344.jpg,82,48,143,95,Mask
C:/Users/PraveenKumar/RetinaNet/jpegImages/345.jpg,140,78,230,143,Mask
C:/Users/PraveenKumar/RetinaNet/jpegImages/346.jpg,270,153,727,525,Mask
C:/Users/PraveenKumar/RetinaNet/jpegImages/347.jpg,409,200,536,290,Mask
C:/Users/PraveenKumar/RetinaNet/jpegImages/348.jpg,96,32,131,60,Mask
C:/Users/PraveenKumar/RetinaNet/jpegImages/348.jpg,168,57,202,83,Mask
C:/Users/PraveenKumar/RetinaNet/jpegImages/349.jpg,392,199,459,283,Mask
C:/Users/PraveenKumar/RetinaNet/jpegImages/349.jpg,486,289,548,383,Mask
C:/Users/PraveenKumar/RetinaNet/jpegImages/35.jpg,35,64,249,401,Gloves
C:/Users/PraveenKumar/RetinaNet/jpegImages/35.jpg,238,70,462,395,Gloves
C:/Users/PraveenKumar/RetinaNet/jpegImages/350.jpg,255,182,390,272,Mask
C:/Users/PraveenKumar/RetinaNet/jpegImages/351.jpg,453,336,653,493,Mask
C:/Users/PraveenKumar/RetinaNet/jpegImages/351.jpg,604,170,767,328,Mask
C:/Users/PraveenKumar/RetinaNet/jpegImages/352.jpg,239,299,1006,875,Mask
C:/Users/PraveenKumar/RetinaNet/jpegImages/353.jpg,511,302,647,484,Mask
C:/Users/PraveenKumar/RetinaNet/jpegImages/354.jpg,423,90,488,129,Mask
C:/Users/PraveenKumar/RetinaNet/jpegImages/355.jpg,304,471,741,828,Mask
C:/Users/PraveenKumar/RetinaNet/jpegImages/356.jpg,43,114,91,154,Mask
C:/Users/PraveenKumar/RetinaNet/jpegImages/357.jpg,357,129,541,287,Mask
C:/Users/PraveenKumar/RetinaNet/jpegImages/358.jpg,110,65,173,108,Mask
C:/Users/PraveenKumar/RetinaNet/jpegImages/359.jpg,682,327,791,428,Mask
C:/Users/PraveenKumar/RetinaNet/jpegImages/36.jpg,26,16,118,210,Gloves
C:/Users/PraveenKumar/RetinaNet/jpegImages/36.jpg,112,21,199,198,Gloves
C:/Users/PraveenKumar/RetinaNet/jpegImages/360.jpg,311,202,380,296,Mask
C:/Users/PraveenKumar/RetinaNet/jpegImages/361.jpg,246,140,334,207,Mask
C:/Users/PraveenKumar/RetinaNet/jpegImages/361.jpg,462,162,582,254,Mask
C:/Users/PraveenKumar/RetinaNet/jpegImages/361.jpg,257,341,363,428,Mask
C:/Users/PraveenKumar/RetinaNet/jpegImages/362.jpg,559,379,914,673,Mask
C:/Users/PraveenKumar/RetinaNet/jpegImages/363.jpg,157,154,251,236,Mask
C:/Users/PraveenKumar/RetinaNet/jpegImages/364.jpg,642,373,1083,683,Mask
C:/Users/PraveenKumar/RetinaNet/jpegImages/365.jpg,104,74,156,112,Mask
C:/Users/PraveenKumar/RetinaNet/jpegImages/366.jpg,66,311,290,527,Mask
C:/Users/PraveenKumar/RetinaNet/jpegImages/367.jpg,265,78,314,132,Mask
C:/Users/PraveenKumar/RetinaNet/jpegImages/368.jpg,389,450,575,593,Mask
C:/Users/PraveenKumar/RetinaNet/jpegImages/369.jpg,84,63,146,108,Mask
C:/Users/PraveenKumar/RetinaNet/jpegImages/37.jpg,8,29,128,223,Gloves
C:/Users/PraveenKumar/RetinaNet/jpegImages/37.jpg,120,25,260,235,Gloves
C:/Users/PraveenKumar/RetinaNet/jpegImages/370.jpg,565,346,883,586,Mask
C:/Users/PraveenKumar/RetinaNet/jpegImages/371.jpg,657,204,814,336,Mask
C:/Users/PraveenKumar/RetinaNet/jpegImages/371.jpg,504,349,644,443,Mask
C:/Users/PraveenKumar/RetinaNet/jpegImages/371.jpg,353,207,468,305,Mask
C:/Users/PraveenKumar/RetinaNet/jpegImages/372.jpg,424,418,744,615,Mask
C:/Users/PraveenKumar/RetinaNet/jpegImages/373.jpg,183,95,254,157,Mask
C:/Users/PraveenKumar/RetinaNet/jpegImages/374.jpg,326,157,440,260,Mask
C:/Users/PraveenKumar/RetinaNet/jpegImages/375.jpg,272,234,451,381,Mask
C:/Users/PraveenKumar/RetinaNet/jpegImages/376.jpg,35,111,299,320,Mask
C:/Users/PraveenKumar/RetinaNet/jpegImages/377.jpg,93,63,201,160,Mask
C:/Users/PraveenKumar/RetinaNet/jpegImages/378.jpg,407,98,489,150,Mask
C:/Users/PraveenKumar/RetinaNet/jpegImages/379.jpg,126,73,172,110,Mask
C:/Users/PraveenKumar/RetinaNet/jpegImages/38.jpg,6,14,202,240,Gloves
C:/Users/PraveenKumar/RetinaNet/jpegImages/38.jpg,225,10,394,241,Gloves
C:/Users/PraveenKumar/RetinaNet/jpegImages/380.jpg,62,97,99,147,Mask
C:/Users/PraveenKumar/RetinaNet/jpegImages/381.jpg,646,182,758,317,Mask
C:/Users/PraveenKumar/RetinaNet/jpegImages/382.jpg,184,121,291,228,Mask
C:/Users/PraveenKumar/RetinaNet/jpegImages/383.jpg,131,190,507,395,Mask
C:/Users/PraveenKumar/RetinaNet/jpegImages/384.jpg,151,196,189,222,Mask
C:/Users/PraveenKumar/RetinaNet/jpegImages/384.jpg,246,189,282,215,Mask
C:/Users/PraveenKumar/RetinaNet/jpegImages/384.jpg,357,187,393,212,Mask
C:/Users/PraveenKumar/RetinaNet/jpegImages/384.jpg,510,192,541,216,Mask
C:/Users/PraveenKumar/RetinaNet/jpegImages/384.jpg,640,190,678,213,Mask
C:/Users/PraveenKumar/RetinaNet/jpegImages/384.jpg,730,194,764,219,Mask
C:/Users/PraveenKumar/RetinaNet/jpegImages/384.jpg,832,203,875,223,Mask
C:/Users/PraveenKumar/RetinaNet/jpegImages/384.jpg,979,202,1017,230,Mask
C:/Users/PraveenKumar/RetinaNet/jpegImages/384.jpg,997,100,1034,127,Mask
C:/Users/PraveenKumar/RetinaNet/jpegImages/385.jpg,159,61,231,118,Mask
C:/Users/PraveenKumar/RetinaNet/jpegImages/386.jpg,515,633,725,789,Mask
C:/Users/PraveenKumar/RetinaNet/jpegImages/387.jpg,56,85,208,174,Mask
C:/Users/PraveenKumar/RetinaNet/jpegImages/388.jpg,589,172,676,308,Mask
C:/Users/PraveenKumar/RetinaNet/jpegImages/389.jpg,201,184,369,331,Mask
C:/Users/PraveenKumar/RetinaNet/jpegImages/39.jpg,3,23,114,177,Gloves
C:/Users/PraveenKumar/RetinaNet/jpegImages/39.jpg,118,24,225,155,Gloves
C:/Users/PraveenKumar/RetinaNet/jpegImages/390.jpg,1415,823,2108,1743,Mask
C:/Users/PraveenKumar/RetinaNet/jpegImages/391.jpg,304,139,396,200,Mask
C:/Users/PraveenKumar/RetinaNet/jpegImages/392.jpg,205,77,282,137,Mask
C:/Users/PraveenKumar/RetinaNet/jpegImages/393.jpg,499,173,699,303,Mask
C:/Users/PraveenKumar/RetinaNet/jpegImages/394.jpg,468,320,621,494,Mask
C:/Users/PraveenKumar/RetinaNet/jpegImages/395.jpg,218,71,291,136,Mask
C:/Users/PraveenKumar/RetinaNet/jpegImages/395.jpg,383,129,464,189,Mask
C:/Users/PraveenKumar/RetinaNet/jpegImages/396.jpg,916,295,1086,409,Mask
C:/Users/PraveenKumar/RetinaNet/jpegImages/397.jpg,178,58,247,124,Mask
C:/Users/PraveenKumar/RetinaNet/jpegImages/398.jpg,269,695,582,913,Mask
C:/Users/PraveenKumar/RetinaNet/jpegImages/399.jpg,481,555,867,854,Mask
C:/Users/PraveenKumar/RetinaNet/jpegImages/4.jpg,80,2,125,97,Gloves
C:/Users/PraveenKumar/RetinaNet/jpegImages/4.jpg,128,5,173,98,Gloves
C:/Users/PraveenKumar/RetinaNet/jpegImages/4.jpg,205,97,244,188,Gloves
C:/Users/PraveenKumar/RetinaNet/jpegImages/4.jpg,159,98,202,190,Gloves
C:/Users/PraveenKumar/RetinaNet/jpegImages/4.jpg,48,91,93,184,Gloves
C:/Users/PraveenKumar/RetinaNet/jpegImages/4.jpg,6,89,45,182,Gloves
C:/Users/PraveenKumar/RetinaNet/jpegImages/40.jpg,19,48,222,335,Gloves
C:/Users/PraveenKumar/RetinaNet/jpegImages/40.jpg,212,56,449,320,Gloves
C:/Users/PraveenKumar/RetinaNet/jpegImages/400.jpg,109,67,159,110,Mask
C:/Users/PraveenKumar/RetinaNet/jpegImages/401.jpg,352,108,443,178,Mask
C:/Users/PraveenKumar/RetinaNet/jpegImages/402.jpg,531,208,632,269,Mask
C:/Users/PraveenKumar/RetinaNet/jpegImages/402.jpg,356,230,471,303,Mask
C:/Users/PraveenKumar/RetinaNet/jpegImages/402.jpg,118,160,211,248,Mask
C:/Users/PraveenKumar/RetinaNet/jpegImages/403.jpg,257,164,727,539,Mask
C:/Users/PraveenKumar/RetinaNet/jpegImages/404.jpg,36,115,160,193,Mask
C:/Users/PraveenKumar/RetinaNet/jpegImages/405.jpg,40,49,665,558,Mask
C:/Users/PraveenKumar/RetinaNet/jpegImages/405.jpg,102,586,321,787,Mask
C:/Users/PraveenKumar/RetinaNet/jpegImages/405.jpg,335,587,551,799,Mask
C:/Users/PraveenKumar/RetinaNet/jpegImages/405.jpg,563,594,781,797,Mask
C:/Users/PraveenKumar/RetinaNet/jpegImages/406.jpg,57,83,136,138,Mask
C:/Users/PraveenKumar/RetinaNet/jpegImages/407.jpg,314,387,670,662,Mask
C:/Users/PraveenKumar/RetinaNet/jpegImages/408.jpg,178,181,532,383,Mask
C:/Users/PraveenKumar/RetinaNet/jpegImages/409.jpg,175,570,584,878,Mask
C:/Users/PraveenKumar/RetinaNet/jpegImages/41.jpg,9,37,176,306,Gloves
C:/Users/PraveenKumar/RetinaNet/jpegImages/41.jpg,182,52,342,286,Gloves
C:/Users/PraveenKumar/RetinaNet/jpegImages/410.jpg,381,412,701,659,Mask
C:/Users/PraveenKumar/RetinaNet/jpegImages/411.jpg,111,75,194,144,Mask
C:/Users/PraveenKumar/RetinaNet/jpegImages/412.jpg,55,118,157,199,Mask
C:/Users/PraveenKumar/RetinaNet/jpegImages/413.jpg,17,74,401,325,Mask
C:/Users/PraveenKumar/RetinaNet/jpegImages/414.jpg,53,346,807,851,Mask
C:/Users/PraveenKumar/RetinaNet/jpegImages/415.jpg,166,282,488,518,Mask
C:/Users/PraveenKumar/RetinaNet/jpegImages/416.jpg,521,303,727,462,Mask
C:/Users/PraveenKumar/RetinaNet/jpegImages/416.jpg,159,210,368,371,Mask
C:/Users/PraveenKumar/RetinaNet/jpegImages/417.jpg,185,296,449,536,Mask
C:/Users/PraveenKumar/RetinaNet/jpegImages/418.jpg,362,304,605,580,Mask
C:/Users/PraveenKumar/RetinaNet/jpegImages/419.jpg,205,525,742,872,Mask
C:/Users/PraveenKumar/RetinaNet/jpegImages/42.jpg,62,70,357,409,Gloves
C:/Users/PraveenKumar/RetinaNet/jpegImages/42.jpg,391,55,633,379,Gloves
C:/Users/PraveenKumar/RetinaNet/jpegImages/420.jpg,80,81,241,175,Mask
C:/Users/PraveenKumar/RetinaNet/jpegImages/421.jpg,34,147,375,468,Mask
C:/Users/PraveenKumar/RetinaNet/jpegImages/422.jpg,309,151,400,231,Mask
C:/Users/PraveenKumar/RetinaNet/jpegImages/423.jpg,354,619,869,1103,Mask
C:/Users/PraveenKumar/RetinaNet/jpegImages/424.jpg,382,326,672,581,Mask
C:/Users/PraveenKumar/RetinaNet/jpegImages/425.jpg,180,330,570,613,Mask
C:/Users/PraveenKumar/RetinaNet/jpegImages/426.jpg,30,119,157,199,Mask
C:/Users/PraveenKumar/RetinaNet/jpegImages/427.jpg,222,397,622,770,Mask
C:/Users/PraveenKumar/RetinaNet/jpegImages/428.jpg,29,12,395,151,Mask
C:/Users/PraveenKumar/RetinaNet/jpegImages/428.jpg,66,229,175,300,Mask
C:/Users/PraveenKumar/RetinaNet/jpegImages/429.jpg,259,725,959,1257,Mask
C:/Users/PraveenKumar/RetinaNet/jpegImages/43.jpg,5,19,110,205,Gloves
C:/Users/PraveenKumar/RetinaNet/jpegImages/43.jpg,107,14,219,197,Gloves
C:/Users/PraveenKumar/RetinaNet/jpegImages/430.jpg,67,94,371,295,Mask
C:/Users/PraveenKumar/RetinaNet/jpegImages/431.jpg,287,526,740,948,Mask
C:/Users/PraveenKumar/RetinaNet/jpegImages/432.jpg,194,254,359,381,Mask
C:/Users/PraveenKumar/RetinaNet/jpegImages/432.jpg,68,237,186,383,Mask
C:/Users/PraveenKumar/RetinaNet/jpegImages/433.jpg,273,178,459,314,Mask
C:/Users/PraveenKumar/RetinaNet/jpegImages/434.jpg,87,177,262,306,Mask
C:/Users/PraveenKumar/RetinaNet/jpegImages/435.jpg,137,80,195,126,Mask
C:/Users/PraveenKumar/RetinaNet/jpegImages/435.jpg,53,116,123,161,Mask
C:/Users/PraveenKumar/RetinaNet/jpegImages/436.jpg,180,392,453,661,Mask
C:/Users/PraveenKumar/RetinaNet/jpegImages/437.jpg,102,77,380,291,Mask
C:/Users/PraveenKumar/RetinaNet/jpegImages/438.jpg,313,381,699,723,Mask
C:/Users/PraveenKumar/RetinaNet/jpegImages/439.jpg,135,182,293,290,Mask
C:/Users/PraveenKumar/RetinaNet/jpegImages/44.jpg,22,260,1290,1998,Gloves
C:/Users/PraveenKumar/RetinaNet/jpegImages/44.jpg,1233,273,2444,2130,Gloves
C:/Users/PraveenKumar/RetinaNet/jpegImages/440.jpg,16,85,170,194,Mask
C:/Users/PraveenKumar/RetinaNet/jpegImages/441.jpg,1342,848,2140,1811,Mask
C:/Users/PraveenKumar/RetinaNet/jpegImages/442.jpg,848,325,1067,512,Mask
C:/Users/PraveenKumar/RetinaNet/jpegImages/442.jpg,520,308,743,511,Mask
C:/Users/PraveenKumar/RetinaNet/jpegImages/442.jpg,143,269,366,478,Mask
C:/Users/PraveenKumar/RetinaNet/jpegImages/443.jpg,15,222,463,391,Mask
C:/Users/PraveenKumar/RetinaNet/jpegImages/443.jpg,12,32,466,195,Mask
C:/Users/PraveenKumar/RetinaNet/jpegImages/444.jpg,55,91,287,267,Mask
C:/Users/PraveenKumar/RetinaNet/jpegImages/445.jpg,207,776,1022,1248,Mask
C:/Users/PraveenKumar/RetinaNet/jpegImages/446.jpg,4,9,325,247,Mask
C:/Users/PraveenKumar/RetinaNet/jpegImages/447.jpg,86,111,198,189,Mask
C:/Users/PraveenKumar/RetinaNet/jpegImages/448.jpg,369,305,672,531,Mask
C:/Users/PraveenKumar/RetinaNet/jpegImages/449.jpg,8,18,213,217,Mask
C:/Users/PraveenKumar/RetinaNet/jpegImages/45.jpg,2,9,128,337,Gloves
C:/Users/PraveenKumar/RetinaNet/jpegImages/45.jpg,139,5,282,309,Gloves
C:/Users/PraveenKumar/RetinaNet/jpegImages/450.jpg,32,180,838,815,Mask
C:/Users/PraveenKumar/RetinaNet/jpegImages/451.jpg,94,97,170,166,Mask
C:/Users/PraveenKumar/RetinaNet/jpegImages/452.jpg,65,113,168,220,Mask
C:/Users/PraveenKumar/RetinaNet/jpegImages/453.jpg,185,337,423,553,Mask
C:/Users/PraveenKumar/RetinaNet/jpegImages/454.jpg,56,95,134,169,Mask
C:/Users/PraveenKumar/RetinaNet/jpegImages/455.jpg,79,42,112,72,Mask
C:/Users/PraveenKumar/RetinaNet/jpegImages/456.jpg,124,87,380,290,Mask
C:/Users/PraveenKumar/RetinaNet/jpegImages/457.jpg,289,692,951,1270,Mask
C:/Users/PraveenKumar/RetinaNet/jpegImages/458.jpg,194,253,364,391,Mask
C:/Users/PraveenKumar/RetinaNet/jpegImages/458.jpg,68,239,185,379,Mask
C:/Users/PraveenKumar/RetinaNet/jpegImages/459.jpg,212,568,566,801,Mask
C:/Users/PraveenKumar/RetinaNet/jpegImages/459.jpg,752,400,971,534,Mask
C:/Users/PraveenKumar/RetinaNet/jpegImages/459.jpg,817,114,977,258,Mask
C:/Users/PraveenKumar/RetinaNet/jpegImages/46.jpg,35,7,172,277,Gloves
C:/Users/PraveenKumar/RetinaNet/jpegImages/46.jpg,178,8,323,301,Gloves
C:/Users/PraveenKumar/RetinaNet/jpegImages/460.jpg,186,327,453,513,Mask
C:/Users/PraveenKumar/RetinaNet/jpegImages/461.jpg,134,183,296,284,Mask
C:/Users/PraveenKumar/RetinaNet/jpegImages/462.jpg,69,89,385,283,Mask
C:/Users/PraveenKumar/RetinaNet/jpegImages/463.jpg,182,344,406,524,Mask
C:/Users/PraveenKumar/RetinaNet/jpegImages/464.jpg,5,50,222,185,Mask
C:/Users/PraveenKumar/RetinaNet/jpegImages/465.jpg,44,80,122,135,Mask
C:/Users/PraveenKumar/RetinaNet/jpegImages/466.jpg,134,89,163,129,Mask
C:/Users/PraveenKumar/RetinaNet/jpegImages/467.jpg,183,59,1099,596,Mask
C:/Users/PraveenKumar/RetinaNet/jpegImages/468.jpg,239,500,4256,2668,Mask
C:/Users/PraveenKumar/RetinaNet/jpegImages/469.jpg,100,135,1402,1326,Mask
C:/Users/PraveenKumar/RetinaNet/jpegImages/47.jpg,195,160,504,691,Gloves
C:/Users/PraveenKumar/RetinaNet/jpegImages/47.jpg,478,181,875,711,Gloves
C:/Users/PraveenKumar/RetinaNet/jpegImages/470.jpg,13,37,179,111,Mask
C:/Users/PraveenKumar/RetinaNet/jpegImages/470.jpg,44,120,194,195,Mask
C:/Users/PraveenKumar/RetinaNet/jpegImages/471.jpg,99,94,173,174,Mask
C:/Users/PraveenKumar/RetinaNet/jpegImages/472.jpg,63,90,930,914,Mask
C:/Users/PraveenKumar/RetinaNet/jpegImages/473.jpg,30,14,634,520,Mask
C:/Users/PraveenKumar/RetinaNet/jpegImages/474.jpg,9,54,739,396,Mask
C:/Users/PraveenKumar/RetinaNet/jpegImages/475.jpg,248,353,574,554,Mask
C:/Users/PraveenKumar/RetinaNet/jpegImages/476.jpg,56,74,515,497,Mask
C:/Users/PraveenKumar/RetinaNet/jpegImages/477.jpg,348,156,481,251,Mask
C:/Users/PraveenKumar/RetinaNet/jpegImages/478.jpg,68,88,1566,816,Mask
C:/Users/PraveenKumar/RetinaNet/jpegImages/479.jpg,25,156,1019,962,Mask
C:/Users/PraveenKumar/RetinaNet/jpegImages/48.jpg,41,9,257,399,Gloves
C:/Users/PraveenKumar/RetinaNet/jpegImages/48.jpg,247,17,476,392,Gloves
C:/Users/PraveenKumar/RetinaNet/jpegImages/480.jpg,32,40,255,152,Mask
C:/Users/PraveenKumar/RetinaNet/jpegImages/481.jpg,750,482,1141,804,Mask
C:/Users/PraveenKumar/RetinaNet/jpegImages/482.jpg,42,93,115,171,Mask
C:/Users/PraveenKumar/RetinaNet/jpegImages/483.jpg,588,229,813,388,Mask
C:/Users/PraveenKumar/RetinaNet/jpegImages/484.jpg,81,8,398,259,Mask
C:/Users/PraveenKumar/RetinaNet/jpegImages/485.jpg,107,91,182,167,Mask
C:/Users/PraveenKumar/RetinaNet/jpegImages/486.jpg,81,85,683,424,Mask
C:/Users/PraveenKumar/RetinaNet/jpegImages/487.jpg,2,8,155,154,Mask
C:/Users/PraveenKumar/RetinaNet/jpegImages/487.jpg,170,11,336,171,Mask
C:/Users/PraveenKumar/RetinaNet/jpegImages/487.jpg,179,187,343,338,Mask
C:/Users/PraveenKumar/RetinaNet/jpegImages/487.jpg,23,174,155,328,Mask
C:/Users/PraveenKumar/RetinaNet/jpegImages/488.jpg,854,523,1077,720,Mask
C:/Users/PraveenKumar/RetinaNet/jpegImages/489.jpg,35,405,2094,1107,Mask
C:/Users/PraveenKumar/RetinaNet/jpegImages/49.jpg,57,53,784,828,Gloves
C:/Users/PraveenKumar/RetinaNet/jpegImages/49.jpg,746,72,1442,859,Gloves
C:/Users/PraveenKumar/RetinaNet/jpegImages/490.jpg,12,6,245,196,Mask
C:/Users/PraveenKumar/RetinaNet/jpegImages/491.jpg,75,178,251,358,Mask
C:/Users/PraveenKumar/RetinaNet/jpegImages/492.jpg,72,94,163,172,Mask
C:/Users/PraveenKumar/RetinaNet/jpegImages/493.jpg,196,216,402,406,Mask
C:/Users/PraveenKumar/RetinaNet/jpegImages/494.jpg,38,82,831,522,Mask
C:/Users/PraveenKumar/RetinaNet/jpegImages/495.jpg,124,124,226,192,Mask
C:/Users/PraveenKumar/RetinaNet/jpegImages/496.jpg,8,19,240,196,Mask
C:/Users/PraveenKumar/RetinaNet/jpegImages/497.jpg,61,234,864,914,Mask
C:/Users/PraveenKumar/RetinaNet/jpegImages/498.jpg,19,5,274,162,Mask
C:/Users/PraveenKumar/RetinaNet/jpegImages/499.jpg,121,58,149,77,Mask
C:/Users/PraveenKumar/RetinaNet/jpegImages/5.jpg,39,10,246,482,Gloves
C:/Users/PraveenKumar/RetinaNet/jpegImages/5.jpg,253,14,471,462,Gloves
C:/Users/PraveenKumar/RetinaNet/jpegImages/50.jpg,221,22,343,241,Gloves
C:/Users/PraveenKumar/RetinaNet/jpegImages/50.jpg,355,96,500,308,Gloves
C:/Users/PraveenKumar/RetinaNet/jpegImages/500.jpg,336,325,641,536,Mask
C:/Users/PraveenKumar/RetinaNet/jpegImages/501.jpg,616,634,1294,1311,Mask
C:/Users/PraveenKumar/RetinaNet/jpegImages/502.jpg,191,164,604,496,Mask
C:/Users/PraveenKumar/RetinaNet/jpegImages/503.jpg,8,34,219,196,Mask
C:/Users/PraveenKumar/RetinaNet/jpegImages/504.jpg,4,76,305,258,Mask
C:/Users/PraveenKumar/RetinaNet/jpegImages/505.jpg,58,49,198,151,Mask
C:/Users/PraveenKumar/RetinaNet/jpegImages/506.jpg,13,14,194,169,Mask
C:/Users/PraveenKumar/RetinaNet/jpegImages/507.jpg,10,30,245,152,Mask
C:/Users/PraveenKumar/RetinaNet/jpegImages/508.jpg,444,258,759,470,Mask
C:/Users/PraveenKumar/RetinaNet/jpegImages/509.jpg,239,429,635,717,Mask
C:/Users/PraveenKumar/RetinaNet/jpegImages/51.jpg,6,1,77,199,Gloves
C:/Users/PraveenKumar/RetinaNet/jpegImages/51.jpg,89,1,160,113,Gloves
C:/Users/PraveenKumar/RetinaNet/jpegImages/51.jpg,166,2,240,118,Gloves
C:/Users/PraveenKumar/RetinaNet/jpegImages/51.jpg,245,1,310,130,Gloves
C:/Users/PraveenKumar/RetinaNet/jpegImages/51.jpg,169,125,246,235,Gloves
C:/Users/PraveenKumar/RetinaNet/jpegImages/51.jpg,91,122,162,240,Gloves
C:/Users/PraveenKumar/RetinaNet/jpegImages/510.jpg,27,45,399,345,Mask
C:/Users/PraveenKumar/RetinaNet/jpegImages/511.jpg,562,279,790,439,Mask
C:/Users/PraveenKumar/RetinaNet/jpegImages/512.jpg,15,30,261,164,Mask
C:/Users/PraveenKumar/RetinaNet/jpegImages/513.jpg,51,44,210,189,Mask
C:/Users/PraveenKumar/RetinaNet/jpegImages/514.jpg,11,28,205,197,Mask
C:/Users/PraveenKumar/RetinaNet/jpegImages/515.jpg,116,76,182,128,Mask
C:/Users/PraveenKumar/RetinaNet/jpegImages/516.jpg,15,10,476,486,Mask
C:/Users/PraveenKumar/RetinaNet/jpegImages/517.jpg,39,95,132,189,Mask
C:/Users/PraveenKumar/RetinaNet/jpegImages/518.jpg,7,172,283,407,Mask
C:/Users/PraveenKumar/RetinaNet/jpegImages/519.jpg,68,107,161,171,Mask
C:/Users/PraveenKumar/RetinaNet/jpegImages/52.jpg,16,29,112,174,Gloves
C:/Users/PraveenKumar/RetinaNet/jpegImages/52.jpg,118,33,218,156,Gloves
C:/Users/PraveenKumar/RetinaNet/jpegImages/520.jpg,98,93,175,147,Mask
C:/Users/PraveenKumar/RetinaNet/jpegImages/521.jpg,97,72,1472,800,Mask
C:/Users/PraveenKumar/RetinaNet/jpegImages/522.jpg,91,56,130,90,Mask
C:/Users/PraveenKumar/RetinaNet/jpegImages/523.jpg,175,310,1125,991,Mask
C:/Users/PraveenKumar/RetinaNet/jpegImages/524.jpg,40,3,197,137,Mask
C:/Users/PraveenKumar/RetinaNet/jpegImages/525.jpg,63,3,198,105,Mask
C:/Users/PraveenKumar/RetinaNet/jpegImages/526.jpg,33,20,648,370,Mask
C:/Users/PraveenKumar/RetinaNet/jpegImages/527.jpg,6,39,236,142,Mask
C:/Users/PraveenKumar/RetinaNet/jpegImages/528.jpg,99,60,468,423,Mask
C:/Users/PraveenKumar/RetinaNet/jpegImages/529.jpg,152,201,3559,2135,Mask
C:/Users/PraveenKumar/RetinaNet/jpegImages/53.jpg,60,65,756,818,Gloves
C:/Users/PraveenKumar/RetinaNet/jpegImages/53.jpg,781,76,1446,796,Gloves
C:/Users/PraveenKumar/RetinaNet/jpegImages/530.jpg,11,10,199,219,Mask
C:/Users/PraveenKumar/RetinaNet/jpegImages/531.jpg,13,378,746,942,Mask
C:/Users/PraveenKumar/RetinaNet/jpegImages/532.jpg,69,99,1392,1332,Mask
C:/Users/PraveenKumar/RetinaNet/jpegImages/533.jpg,94,66,158,118,Mask
C:/Users/PraveenKumar/RetinaNet/jpegImages/534.jpg,44,85,523,476,Mask
C:/Users/PraveenKumar/RetinaNet/jpegImages/535.jpg,38,138,1559,813,Mask
C:/Users/PraveenKumar/RetinaNet/jpegImages/536.jpg,68,109,933,859,Mask
C:/Users/PraveenKumar/RetinaNet/jpegImages/537.jpg,488,653,1022,1060,Mask
C:/Users/PraveenKumar/RetinaNet/jpegImages/538.jpg,62,103,1464,876,Mask
C:/Users/PraveenKumar/RetinaNet/jpegImages/539.jpg,178,299,1111,1072,Mask
C:/Users/PraveenKumar/RetinaNet/jpegImages/54.jpg,769,524,954,781,Mask
C:/Users/PraveenKumar/RetinaNet/jpegImages/540.jpg,179,68,1079,601,Mask
C:/Users/PraveenKumar/RetinaNet/jpegImages/541.jpg,1,194,288,411,Mask
C:/Users/PraveenKumar/RetinaNet/jpegImages/542.jpg,408,160,537,344,Mask
C:/Users/PraveenKumar/RetinaNet/jpegImages/543.jpg,244,144,362,235,Mask
C:/Users/PraveenKumar/RetinaNet/jpegImages/544.jpg,98,43,151,78,Mask
C:/Users/PraveenKumar/RetinaNet/jpegImages/545.jpg,125,61,157,93,Mask
C:/Users/PraveenKumar/RetinaNet/jpegImages/546.jpg,134,89,222,153,Mask
C:/Users/PraveenKumar/RetinaNet/jpegImages/547.jpg,428,246,727,493,Mask
C:/Users/PraveenKumar/RetinaNet/jpegImages/548.jpg,78,87,103,111,Mask
C:/Users/PraveenKumar/RetinaNet/jpegImages/549.jpg,103,2,186,98,noMask
C:/Users/PraveenKumar/RetinaNet/jpegImages/55.jpg,403,297,757,573,Mask
C:/Users/PraveenKumar/RetinaNet/jpegImages/550.jpg,387,45,585,263,noMask
C:/Users/PraveenKumar/RetinaNet/jpegImages/551.jpg,5,7,105,132,noMask
C:/Users/PraveenKumar/RetinaNet/jpegImages/551.jpg,130,5,253,134,noMask
C:/Users/PraveenKumar/RetinaNet/jpegImages/552.jpg,124,2,202,61,noMask
C:/Users/PraveenKumar/RetinaNet/jpegImages/553.jpg,30,4,175,150,noMask
C:/Users/PraveenKumar/RetinaNet/jpegImages/554.jpg,280,57,431,240,noMask
C:/Users/PraveenKumar/RetinaNet/jpegImages/555.jpg,101,35,181,121,noMask
C:/Users/PraveenKumar/RetinaNet/jpegImages/556.jpg,76,63,649,699,noMask
C:/Users/PraveenKumar/RetinaNet/jpegImages/557.jpg,86,1,125,43,noMask
C:/Users/PraveenKumar/RetinaNet/jpegImages/558.jpg,23,6,750,1035,noMask
C:/Users/PraveenKumar/RetinaNet/jpegImages/559.jpg,74,78,147,117,Mask
C:/Users/PraveenKumar/RetinaNet/jpegImages/56.jpg,34,117,131,188,Mask
C:/Users/PraveenKumar/RetinaNet/jpegImages/56.jpg,115,132,178,229,Gloves
C:/Users/PraveenKumar/RetinaNet/jpegImages/560.jpg,724,18,1750,1289,noMask
C:/Users/PraveenKumar/RetinaNet/jpegImages/561.jpg,377,26,919,631,noMask
C:/Users/PraveenKumar/RetinaNet/jpegImages/562.jpg,74,15,683,724,noMask
C:/Users/PraveenKumar/RetinaNet/jpegImages/562.jpg,848,38,1350,666,noMask
C:/Users/PraveenKumar/RetinaNet/jpegImages/563.jpg,48,20,158,150,noMask
C:/Users/PraveenKumar/RetinaNet/jpegImages/564.jpg,34,22,159,161,noMask
C:/Users/PraveenKumar/RetinaNet/jpegImages/565.jpg,339,118,472,269,noMask
C:/Users/PraveenKumar/RetinaNet/jpegImages/566.jpg,302,112,919,790,noMask
C:/Users/PraveenKumar/RetinaNet/jpegImages/567.jpg,792,39,1031,348,noMask
C:/Users/PraveenKumar/RetinaNet/jpegImages/568.jpg,20,1,246,157,noMask
C:/Users/PraveenKumar/RetinaNet/jpegImages/569.jpg,111,74,494,529,noMask
C:/Users/PraveenKumar/RetinaNet/jpegImages/57.jpg,187,278,1728,1911,noMask
C:/Users/PraveenKumar/RetinaNet/jpegImages/570.jpg,54,90,137,149,Mask
C:/Users/PraveenKumar/RetinaNet/jpegImages/571.jpg,607,13,977,381,noMask
C:/Users/PraveenKumar/RetinaNet/jpegImages/572.jpg,77,6,204,147,noMask
C:/Users/PraveenKumar/RetinaNet/jpegImages/573.jpg,459,15,968,551,noMask
C:/Users/PraveenKumar/RetinaNet/jpegImages/574.jpg,191,113,532,495,noMask
C:/Users/PraveenKumar/RetinaNet/jpegImages/575.jpg,18,11,162,204,noMask
C:/Users/PraveenKumar/RetinaNet/jpegImages/576.jpg,46,3,202,176,noMask
C:/Users/PraveenKumar/RetinaNet/jpegImages/577.jpg,4,4,155,214,noMask
C:/Users/PraveenKumar/RetinaNet/jpegImages/578.jpg,99,17,214,136,noMask
C:/Users/PraveenKumar/RetinaNet/jpegImages/579.jpg,177,7,219,57,noMask
C:/Users/PraveenKumar/RetinaNet/jpegImages/58.jpg,54,11,135,100,noMask
C:/Users/PraveenKumar/RetinaNet/jpegImages/580.jpg,153,16,212,105,noMask
C:/Users/PraveenKumar/RetinaNet/jpegImages/580.jpg,105,21,155,111,noMask
C:/Users/PraveenKumar/RetinaNet/jpegImages/581.jpg,68,66,132,117,Mask
C:/Users/PraveenKumar/RetinaNet/jpegImages/582.jpg,557,108,1555,1333,noMask
C:/Users/PraveenKumar/RetinaNet/jpegImages/583.jpg,372,12,590,249,noMask
C:/Users/PraveenKumar/RetinaNet/jpegImages/584.jpg,411,16,835,455,noMask
C:/Users/PraveenKumar/RetinaNet/jpegImages/585.jpg,129,8,210,110,noMask
C:/Users/PraveenKumar/RetinaNet/jpegImages/585.jpg,13,3,88,96,noMask
C:/Users/PraveenKumar/RetinaNet/jpegImages/586.jpg,106,2,176,85,noMask
C:/Users/PraveenKumar/RetinaNet/jpegImages/587.jpg,189,5,402,200,noMask
C:/Users/PraveenKumar/RetinaNet/jpegImages/588.jpg,64,4,133,99,noMask
C:/Users/PraveenKumar/RetinaNet/jpegImages/589.jpg,98,20,795,766,noMask
C:/Users/PraveenKumar/RetinaNet/jpegImages/59.jpg,111,10,173,80,noMask
C:/Users/PraveenKumar/RetinaNet/jpegImages/590.jpg,10,2,52,54,noMask
C:/Users/PraveenKumar/RetinaNet/jpegImages/590.jpg,105,22,124,42,noMask
C:/Users/PraveenKumar/RetinaNet/jpegImages/590.jpg,165,3,227,69,noMask
C:/Users/PraveenKumar/RetinaNet/jpegImages/590.jpg,253,4,313,58,noMask
C:/Users/PraveenKumar/RetinaNet/jpegImages/590.jpg,250,84,304,148,noMask
C:/Users/PraveenKumar/RetinaNet/jpegImages/590.jpg,168,83,226,148,noMask
C:/Users/PraveenKumar/RetinaNet/jpegImages/590.jpg,81,81,142,146,noMask
C:/Users/PraveenKumar/RetinaNet/jpegImages/590.jpg,4,83,68,143,noMask
C:/Users/PraveenKumar/RetinaNet/jpegImages/591.jpg,73,13,189,135,noMask
C:/Users/PraveenKumar/RetinaNet/jpegImages/6.jpg,2,54,110,185,Gloves
C:/Users/PraveenKumar/RetinaNet/jpegImages/6.jpg,116,47,224,190,Gloves
C:/Users/PraveenKumar/RetinaNet/jpegImages/60.jpg,7,2,130,148,noMask
C:/Users/PraveenKumar/RetinaNet/jpegImages/60.jpg,181,17,296,152,noMask
C:/Users/PraveenKumar/RetinaNet/jpegImages/61.jpg,158,23,446,351,noMask
C:/Users/PraveenKumar/RetinaNet/jpegImages/62.jpg,79,11,152,89,noMask
C:/Users/PraveenKumar/RetinaNet/jpegImages/63.jpg,64,45,86,66,noMask
C:/Users/PraveenKumar/RetinaNet/jpegImages/63.jpg,175,73,193,90,noMask
C:/Users/PraveenKumar/RetinaNet/jpegImages/63.jpg,201,50,223,71,noMask
C:/Users/PraveenKumar/RetinaNet/jpegImages/64.jpg,8,55,454,533,noMask
C:/Users/PraveenKumar/RetinaNet/jpegImages/65.jpg,102,11,182,95,noMask
C:/Users/PraveenKumar/RetinaNet/jpegImages/66.jpg,184,1,264,72,noMask
C:/Users/PraveenKumar/RetinaNet/jpegImages/67.jpg,666,491,1181,795,Mask
C:/Users/PraveenKumar/RetinaNet/jpegImages/68.jpg,38,1,145,83,noMask
C:/Users/PraveenKumar/RetinaNet/jpegImages/69.jpg,663,39,1414,975,noMask
C:/Users/PraveenKumar/RetinaNet/jpegImages/7.jpg,12,3,131,304,Gloves
C:/Users/PraveenKumar/RetinaNet/jpegImages/7.jpg,140,4,266,304,Gloves
C:/Users/PraveenKumar/RetinaNet/jpegImages/70.jpg,32,1,221,183,noMask
C:/Users/PraveenKumar/RetinaNet/jpegImages/71.jpg,47,1,214,208,noMask
C:/Users/PraveenKumar/RetinaNet/jpegImages/72.jpg,210,5,477,302,noMask
C:/Users/PraveenKumar/RetinaNet/jpegImages/73.jpg,226,20,498,336,noMask
C:/Users/PraveenKumar/RetinaNet/jpegImages/74.jpg,117,6,656,540,noMask
C:/Users/PraveenKumar/RetinaNet/jpegImages/75.jpg,370,37,679,414,noMask
C:/Users/PraveenKumar/RetinaNet/jpegImages/76.jpg,140,14,234,127,noMask
C:/Users/PraveenKumar/RetinaNet/jpegImages/77.jpg,326,68,1610,1790,noMask
C:/Users/PraveenKumar/RetinaNet/jpegImages/78.jpg,121,75,205,141,Mask
C:/Users/PraveenKumar/RetinaNet/jpegImages/79.jpg,46,3,105,65,noMask
C:/Users/PraveenKumar/RetinaNet/jpegImages/79.jpg,192,8,281,86,noMask
C:/Users/PraveenKumar/RetinaNet/jpegImages/8.jpg,46,17,305,592,Gloves
C:/Users/PraveenKumar/RetinaNet/jpegImages/8.jpg,295,41,552,600,Gloves
C:/Users/PraveenKumar/RetinaNet/jpegImages/80.jpg,93,6,179,90,noMask
C:/Users/PraveenKumar/RetinaNet/jpegImages/81.jpg,13,14,109,117,noMask
C:/Users/PraveenKumar/RetinaNet/jpegImages/82.jpg,697,47,1171,703,noMask
C:/Users/PraveenKumar/RetinaNet/jpegImages/83.jpg,515,144,648,289,noMask
C:/Users/PraveenKumar/RetinaNet/jpegImages/84.jpg,264,3,831,547,noMask
C:/Users/PraveenKumar/RetinaNet/jpegImages/85.jpg,532,73,1159,868,noMask
C:/Users/PraveenKumar/RetinaNet/jpegImages/86.jpg,27,66,160,236,noMask
C:/Users/PraveenKumar/RetinaNet/jpegImages/87.jpg,3,12,156,176,noMask
C:/Users/PraveenKumar/RetinaNet/jpegImages/88.jpg,111,1,222,117,noMask
C:/Users/PraveenKumar/RetinaNet/jpegImages/89.jpg,57,50,126,99,Mask
C:/Users/PraveenKumar/RetinaNet/jpegImages/9.jpg,13,31,102,183,Gloves
C:/Users/PraveenKumar/RetinaNet/jpegImages/9.jpg,105,38,202,186,Gloves
C:/Users/PraveenKumar/RetinaNet/jpegImages/90.jpg,87,11,155,74,noMask
C:/Users/PraveenKumar/RetinaNet/jpegImages/91.jpg,469,142,689,383,noMask
C:/Users/PraveenKumar/RetinaNet/jpegImages/92.jpg,85,41,450,488,noMask
C:/Users/PraveenKumar/RetinaNet/jpegImages/93.jpg,92,5,201,122,noMask
C:/Users/PraveenKumar/RetinaNet/jpegImages/94.jpg,221,168,634,681,noMask
C:/Users/PraveenKumar/RetinaNet/jpegImages/95.jpg,60,11,166,138,noMask
C:/Users/PraveenKumar/RetinaNet/jpegImages/96.jpg,71,13,191,121,noMask
C:/Users/PraveenKumar/RetinaNet/jpegImages/97.jpg,1207,60,1936,795,noMask
C:/Users/PraveenKumar/RetinaNet/jpegImages/98.jpg,451,157,836,524,noMask
C:/Users/PraveenKumar/RetinaNet/jpegImages/99.jpg,37,1,216,213,noMask
